work_id;m.aterial_id;consumption_per_work_unit;waste_coeff
w.1;m.1001;1;1.0
w.1;m.682;1;1.0
w.1;m.1025;1;1.0
w.2;m.1001;1;1.0
w.2;m.495;1;1.0
w.2;m.1025;1;1.0
w.2;m.682;1;1.0
w.3;m.1001;1;1.0
w.3;m.495;1;1.0
w.3;m.1025;1;1.0
w.3;m.681;1;1.0
w.4;m.1025;1;1.0
w.4;m.681;1;1.0
w.5;m.681;1;1.0
w.5;m.1025;1;1.0
w.5;m.382;1;1.0
w.6;m.681;1;1.0
w.7;m.681;1;1.0
w.8;m.681;1;1.0
w.9;m.681;1;1.0
w.10;m.681;1;1.0
w.11;m.681;1;1.0
w.11;m.635;1;1.0
w.13;m.681;1;1.0
w.14;m.681;1;1.0
w.14;m.495;1;1.0
w.15;m.681;1;1.0
w.15;m.495;1;1.0
w.16;m.681;1;1.0
w.16;m.495;1;1.0
w.17;m.681;1;1.0
w.18;m.681;1;1.0
w.19;m.681;1;1.0
w.19;m.495;1;1.0
w.20;m.681;1;1.0
w.21;m.681;1;1.0
w.21;m.1001;1;1.0
w.21;m.682;1;1.0
w.21;m.1025;1;1.0
w.22;m.681;1;1.0
w.23;m.681;1;1.0
w.24;m.681;1;1.0
w.25;m.681;1;1.0
w.26;m.681;1;1.0
w.27;m.1001;1;1.0
w.27;m.495;1;1.0
w.27;m.1025;1;1.0
w.27;m.682;1;1.0
w.28;m.681;1;1.0
w.29;m.681;1;1.0
w.30;m.681;1;1.0
w.30;m.495;1;1.0
w.30;m.635;1;1.0
w.31;m.681;1;1.0
w.32;m.681;1;1.0
w.32;m.641;1;1.0
w.33;m.681;1;1.0
w.33;m.641;1;1.0
w.34;m.681;1;1.0
w.35;m.681;1;1.0
w.36;m.1001;1;1.0
w.36;m.495;1;1.0
w.36;m.1025;1;1.0
w.36;m.681;1;1.0
w.37;m.681;1;1.0
w.38;m.681;1;1.0
w.38;m.1025;1;1.0
w.38;m.1001;1;1.0
w.39;m.1001;1;1.0
w.39;m.495;1;1.0
w.39;m.1025;1;1.0
w.39;m.681;1;1.0
w.40;m.1001;1;1.0
w.40;m.495;1;1.0
w.40;m.1025;1;1.0
w.40;m.681;1;1.0
w.41;m.1001;1;1.0
w.41;m.495;1;1.0
w.41;m.1025;1;1.0
w.41;m.681;1;1.0
w.42;m.681;1;1.0
w.42;m.495;1;1.0
w.42;m.449;1;1.0
w.43;m.681;1;1.0
w.43;m.449;1;1.0
w.43;m.635;1;1.0
w.44;m.1001;1;1.0
w.51;m.634;1;1.0
w.51;m.698;1;1.0
w.52;m.681;1;1.0
w.52;m.495;1;1.0
w.52;m.449;1;1.0
w.55;m.681;1;1.0
w.56;m.495;1;1.0
w.58;m.635;1;1.0
w.64;m.635;1;1.0
w.64;m.681;1;1.0
w.65;m.635;1;1.0
w.65;m.681;1;1.0
w.66;m.681;1;1.0
w.67;m.681;1;1.0
w.82;m.681;1;1.0
w.83;m.681;1;1.0
w.84;m.681;1;1.0
w.85;m.681;1;1.0
w.86;m.681;1;1.0
w.87;m.681;1;1.0
w.91;m.681;1;1.0
w.92;m.436;1;1.0
w.92;m.386;1;1.0
w.92;m.527;1;1.0
w.92;m.392;1;1.0
w.93;m.438;1;1.0
w.93;m.436;1;1.0
w.93;m.386;1;1.0
w.93;m.527;1;1.0
w.93;m.392;1;1.0
w.93;m.495;1;1.0
w.93;m.1039;1;1.0
w.93;m.664;1;1.0
w.93;m.1011;1;1.0
w.94;m.438;1;1.0
w.94;m.386;1;1.0
w.94;m.527;1;1.0
w.94;m.392;1;1.0
w.94;m.495;1;1.0
w.94;m.1039;1;1.0
w.94;m.664;1;1.0
w.94;m.1011;1;1.0
w.95;m.872;1;1.0
w.95;m.471;1;1.0
w.95;m.855;1;1.0
w.95;m.375;1;1.0
w.96;m.797;1;1.0
w.96;m.1039;1;1.0
w.96;m.629;1;1.0
w.96;m.471;1;1.0
w.96;m.846;1;1.0
w.96;m.375;1;1.0
w.96;m.777;1;1.0
w.96;m.1033;1;1.0
w.97;m.1039;1;1.0
w.97;m.777;1;1.0
w.97;m.1025;1;1.0
w.97;m.1033;1;1.0
w.98;m.902;1;1.0
w.98;m.386;1;1.0
w.98;m.527;1;1.0
w.98;m.392;1;1.0
w.99;m.1044;1;1.0
w.99;m.737;1;1.0
w.99;m.469;1;1.0
w.99;m.374;1;1.0
w.99;m.641;1;1.0
w.100;m.679;1;1.0
w.100;m.652;1;1.0
w.100;m.400;1;1.0
w.100;m.478;1;1.0
w.100;m.418;1;1.0
w.100;m.645;1;1.0
w.100;m.646;1;1.0
w.100;m.1042;1;1.0
w.100;m.546;1;1.0
w.100;m.677;1;1.0
w.100;m.470;1;1.0
w.100;m.374;1;1.0
w.100;m.641;1;1.0
w.101;m.734;1;1.0
w.101;m.649;1;1.0
w.101;m.418;1;1.0
w.101;m.851;1;1.0
w.102;m.800;1;1.0
w.102;m.900;1;1.0
w.102;m.887;1;1.0
w.102;m.353;1;1.0
w.102;m.853;1;1.0
w.102;m.801;1;1.0
w.102;m.891;1;1.0
w.102;m.764;1;1.0
w.102;m.479;1;1.0
w.102;m.666;1;1.0
w.102;m.765;1;1.0
w.102;m.956;1;1.0
w.102;m.517;1;1.0
w.102;m.375;1;1.0
w.103;m.800;1;1.0
w.103;m.900;1;1.0
w.103;m.887;1;1.0
w.103;m.353;1;1.0
w.103;m.853;1;1.0
w.103;m.801;1;1.0
w.103;m.891;1;1.0
w.103;m.764;1;1.0
w.103;m.479;1;1.0
w.103;m.666;1;1.0
w.103;m.765;1;1.0
w.103;m.956;1;1.0
w.103;m.363;1;1.0
w.103;m.517;1;1.0
w.103;m.375;1;1.0
w.104;m.428;1;1.0
w.104;m.840;1;1.0
w.104;m.361;1;1.0
w.104;m.641;1;1.0
w.104;m.517;1;1.0
w.105;m.428;1;1.0
w.105;m.840;1;1.0
w.105;m.361;1;1.0
w.105;m.641;1;1.0
w.105;m.517;1;1.0
w.106;m.432;1;1.0
w.106;m.840;1;1.0
w.106;m.361;1;1.0
w.106;m.641;1;1.0
w.106;m.517;1;1.0
w.107;m.428;1;1.0
w.107;m.840;1;1.0
w.107;m.361;1;1.0
w.107;m.641;1;1.0
w.107;m.517;1;1.0
w.108;m.428;1;1.0
w.108;m.840;1;1.0
w.108;m.361;1;1.0
w.108;m.641;1;1.0
w.108;m.517;1;1.0
w.109;m.800;1;1.0
w.109;m.900;1;1.0
w.109;m.887;1;1.0
w.109;m.353;1;1.0
w.109;m.853;1;1.0
w.109;m.801;1;1.0
w.109;m.891;1;1.0
w.109;m.764;1;1.0
w.109;m.479;1;1.0
w.109;m.666;1;1.0
w.109;m.765;1;1.0
w.109;m.956;1;1.0
w.109;m.363;1;1.0
w.109;m.375;1;1.0
w.109;m.428;1;1.0
w.109;m.840;1;1.0
w.109;m.361;1;1.0
w.109;m.641;1;1.0
w.109;m.517;1;1.0
w.110;m.428;1;1.0
w.110;m.840;1;1.0
w.110;m.361;1;1.0
w.110;m.641;1;1.0
w.110;m.517;1;1.0
w.111;m.1011;1;1.0
w.111;m.644;1;1.0
w.111;m.1036;1;1.0
w.111;m.367;1;1.0
w.111;m.368;1;1.0
w.111;m.696;1;1.0
w.111;m.1025;1;1.0
w.111;m.1032;1;1.0
w.111;m.440;1;1.0
w.112;m.740;1;1.0
w.112;m.517;1;1.0
w.112;m.991;1;1.0
w.113;m.764;1;1.0
w.113;m.981;1;1.0
w.113;m.479;1;1.0
w.113;m.853;1;1.0
w.113;m.375;1;1.0
w.114;m.644;1;1.0
w.114;m.1025;1;1.0
w.114;m.1032;1;1.0
w.114;m.440;1;1.0
w.114;m.830;1;1.0
w.114;m.380;1;1.0
w.114;m.527;1;1.0
w.115;m.665;1;1.0
w.115;m.1011;1;1.0
w.115;m.1025;1;1.0
w.116;m.1011;1;1.0
w.116;m.810;1;1.0
w.116;m.1025;1;1.0
w.116;m.1032;1;1.0
w.117;m.438;1;1.0
w.117;m.386;1;1.0
w.117;m.392;1;1.0
w.118;m.902;1;1.0
w.118;m.386;1;1.0
w.118;m.527;1;1.0
w.118;m.392;1;1.0
w.119;m.869;1;1.0
w.119;m.1009;1;1.0
w.119;m.1032;1;1.0
w.119;m.641;1;1.0
w.120;m.907;1;1.0
w.120;m.544;1;1.0
w.120;m.386;1;1.0
w.120;m.1032;1;1.0
w.120;m.641;1;1.0
w.121;m.440;1;1.0
w.121;m.386;1;1.0
w.121;m.392;1;1.0
w.122;m.1012;1;1.0
w.122;m.1033;1;1.0
w.122;m.1025;1;1.0
w.122;m.687;1;1.0
w.123;m.440;1;1.0
w.123;m.386;1;1.0
w.123;m.392;1;1.0
w.124;m.1036;1;1.0
w.124;m.1033;1;1.0
w.124;m.1025;1;1.0
w.124;m.687;1;1.0
w.125;m.460;1;1.0
w.125;m.459;1;1.0
w.125;m.699;1;1.0
w.125;m.367;1;1.0
w.125;m.682;1;1.0
w.126;m.700;1;1.0
w.126;m.461;1;1.0
w.126;m.368;1;1.0
w.126;m.682;1;1.0
w.127;m.390;1;1.0
w.127;m.756;1;1.0
w.127;m.656;1;1.0
w.127;m.686;1;1.0
w.127;m.832;1;1.0
w.127;m.382;1;1.0
w.127;m.831;1;1.0
w.128;m.756;1;1.0
w.128;m.656;1;1.0
w.128;m.686;1;1.0
w.128;m.385;1;1.0
w.128;m.832;1;1.0
w.128;m.380;1;1.0
w.128;m.831;1;1.0
w.129;m.756;1;1.0
w.129;m.656;1;1.0
w.129;m.686;1;1.0
w.129;m.385;1;1.0
w.129;m.832;1;1.0
w.129;m.380;1;1.0
w.129;m.831;1;1.0
w.130;m.460;1;1.0
w.130;m.459;1;1.0
w.130;m.699;1;1.0
w.130;m.367;1;1.0
w.130;m.682;1;1.0
w.131;m.794;1;1.0
w.131;m.793;1;1.0
w.131;m.792;1;1.0
w.131;m.763;1;1.0
w.131;m.808;1;1.0
w.131;m.760;1;1.0
w.131;m.574;1;1.0
w.131;m.479;1;1.0
w.131;m.375;1;1.0
w.131;m.641;1;1.0
w.131;m.517;1;1.0
w.131;m.681;1;1.0
w.132;m.548;1;1.0
w.135;m.820;1;1.0
w.135;m.815;1;1.0
w.135;m.434;1;1.0
w.135;m.763;1;1.0
w.135;m.809;1;1.0
w.135;m.353;1;1.0
w.135;m.475;1;1.0
w.135;m.375;1;1.0
w.136;m.548;1;1.0
w.136;m.552;1;1.0
w.136;m.458;1;1.0
w.137;m.548;1;1.0
w.137;m.475;1;1.0
w.138;m.548;1;1.0
w.138;m.552;1;1.0
w.138;m.458;1;1.0
w.139;m.548;1;1.0
w.139;m.552;1;1.0
w.139;m.458;1;1.0
w.140;m.700;1;1.0
w.140;m.368;1;1.0
w.140;m.1025;1;1.0
w.140;m.440;1;1.0
w.140;m.756;1;1.0
w.140;m.656;1;1.0
w.140;m.392;1;1.0
w.140;m.1036;1;1.0
w.140;m.1011;1;1.0
w.141;m.616;1;1.0
w.141;m.741;1;1.0
w.142;m.569;1;1.0
w.142;m.695;1;1.0
w.143;m.569;1;1.0
w.143;m.695;1;1.0
w.143;m.375;1;1.0
w.144;m.569;1;1.0
w.144;m.695;1;1.0
w.145;m.691;1;1.0
w.145;m.374;1;1.0
w.147;m.651;1;1.0
w.147;m.713;1;1.0
w.148;m.569;1;1.0
w.148;m.695;1;1.0
w.149;m.653;1;1.0
w.149;m.375;1;1.0
w.149;m.353;1;1.0
w.149;m.643;1;1.0
w.149;m.406;1;1.0
w.149;m.888;1;1.0
w.149;m.928;1;1.0
w.149;m.890;1;1.0
w.150;m.569;1;1.0
w.151;m.569;1;1.0
w.151;m.398;1;1.0
w.152;m.351;1;1.0
w.152;m.402;1;1.0
w.153;m.375;1;1.0
w.154;m.1016;1;1.0
w.154;m.527;1;1.0
w.154;m.392;1;1.0
w.154;m.545;1;1.0
w.154;m.386;1;1.0
w.154;m.389;1;1.0
w.154;m.641;1;1.0
w.155;m.673;1;1.0
w.155;m.544;1;1.0
w.155;m.386;1;1.0
w.155;m.1032;1;1.0
w.155;m.641;1;1.0
w.155;m.389;1;1.0
w.155;m.1036;1;1.0
w.155;m.392;1;1.0
w.155;m.700;1;1.0
w.156;m.699;1;1.0
w.156;m.637;1;1.0
w.156;m.527;1;1.0
w.156;m.386;1;1.0
w.156;m.392;1;1.0
w.157;m.732;1;1.0
w.157;m.537;1;1.0
w.157;m.768;1;1.0
w.157;m.880;1;1.0
w.157;m.475;1;1.0
w.157;m.861;1;1.0
w.157;m.698;1;1.0
w.157;m.711;1;1.0
w.157;m.744;1;1.0
w.157;m.1025;1;1.0
w.157;m.524;1;1.0
w.157;m.593;1;1.0
w.157;m.685;1;1.0
w.157;m.375;1;1.0
w.157;m.359;1;1.0
w.158;m.796;1;1.0
w.158;m.629;1;1.0
w.158;m.471;1;1.0
w.158;m.846;1;1.0
w.158;m.375;1;1.0
w.158;m.745;1;1.0
w.159;m.522;1;1.0
w.159;m.537;1;1.0
w.159;m.448;1;1.0
w.159;m.744;1;1.0
w.159;m.593;1;1.0
w.159;m.520;1;1.0
w.159;m.816;1;1.0
w.159;m.1007;1;1.0
w.160;m.522;1;1.0
w.160;m.537;1;1.0
w.160;m.448;1;1.0
w.160;m.744;1;1.0
w.160;m.593;1;1.0
w.160;m.520;1;1.0
w.160;m.816;1;1.0
w.160;m.1007;1;1.0
w.161;m.966;1;1.0
w.161;m.635;1;1.0
w.162;m.436;1;1.0
w.162;m.386;1;1.0
w.162;m.527;1;1.0
w.162;m.392;1;1.0
w.163;m.439;1;1.0
w.163;m.386;1;1.0
w.163;m.390;1;1.0
w.164;m.797;1;1.0
w.164;m.386;1;1.0
w.164;m.392;1;1.0
w.165;m.438;1;1.0
w.165;m.436;1;1.0
w.165;m.386;1;1.0
w.165;m.527;1;1.0
w.165;m.392;1;1.0
w.165;m.495;1;1.0
w.165;m.1039;1;1.0
w.165;m.664;1;1.0
w.165;m.1011;1;1.0
w.166;m.872;1;1.0
w.166;m.1028;1;1.0
w.167;m.797;1;1.0
w.167;m.1039;1;1.0
w.167;m.629;1;1.0
w.167;m.471;1;1.0
w.167;m.846;1;1.0
w.167;m.375;1;1.0
w.167;m.777;1;1.0
w.167;m.1033;1;1.0
w.168;m.797;1;1.0
w.168;m.1039;1;1.0
w.168;m.629;1;1.0
w.168;m.471;1;1.0
w.168;m.846;1;1.0
w.168;m.375;1;1.0
w.168;m.777;1;1.0
w.168;m.1033;1;1.0
w.169;m.1039;1;1.0
w.169;m.629;1;1.0
w.169;m.471;1;1.0
w.169;m.846;1;1.0
w.169;m.375;1;1.0
w.169;m.777;1;1.0
w.169;m.1033;1;1.0
w.170;m.797;1;1.0
w.170;m.1039;1;1.0
w.170;m.629;1;1.0
w.170;m.471;1;1.0
w.170;m.846;1;1.0
w.170;m.375;1;1.0
w.170;m.777;1;1.0
w.170;m.1033;1;1.0
w.171;m.797;1;1.0
w.171;m.1041;1;1.0
w.171;m.629;1;1.0
w.171;m.471;1;1.0
w.171;m.846;1;1.0
w.171;m.375;1;1.0
w.171;m.777;1;1.0
w.171;m.1033;1;1.0
w.172;m.797;1;1.0
w.172;m.1041;1;1.0
w.172;m.629;1;1.0
w.172;m.471;1;1.0
w.172;m.846;1;1.0
w.172;m.375;1;1.0
w.172;m.777;1;1.0
w.172;m.1033;1;1.0
w.173;m.1039;1;1.0
w.173;m.471;1;1.0
w.173;m.846;1;1.0
w.173;m.375;1;1.0
w.173;m.777;1;1.0
w.173;m.1033;1;1.0
w.174;m.1039;1;1.0
w.174;m.471;1;1.0
w.174;m.846;1;1.0
w.174;m.375;1;1.0
w.174;m.777;1;1.0
w.174;m.1033;1;1.0
w.175;m.871;1;1.0
w.175;m.471;1;1.0
w.175;m.846;1;1.0
w.175;m.635;1;1.0
w.175;m.375;1;1.0
w.176;m.423;1;1.0
w.176;m.744;1;1.0
w.176;m.527;1;1.0
w.176;m.524;1;1.0
w.176;m.390;1;1.0
w.176;m.669;1;1.0
w.176;m.386;1;1.0
w.177;m.923;1;1.0
w.177;m.980;1;1.0
w.177;m.681;1;1.0
w.177;m.469;1;1.0
w.177;m.1059;1;1.0
w.177;m.740;1;1.0
w.177;m.641;1;1.0
w.178;m.737;1;1.0
w.178;m.641;1;1.0
w.179;m.734;1;1.0
w.179;m.418;1;1.0
w.179;m.649;1;1.0
w.179;m.652;1;1.0
w.179;m.431;1;1.0
w.180;m.798;1;1.0
w.180;m.807;1;1.0
w.180;m.479;1;1.0
w.180;m.668;1;1.0
w.180;m.360;1;1.0
w.180;m.375;1;1.0
w.181;m.432;1;1.0
w.181;m.840;1;1.0
w.181;m.361;1;1.0
w.181;m.641;1;1.0
w.181;m.517;1;1.0
w.182;m.428;1;1.0
w.182;m.840;1;1.0
w.182;m.361;1;1.0
w.182;m.641;1;1.0
w.182;m.517;1;1.0
w.183;m.428;1;1.0
w.183;m.840;1;1.0
w.183;m.361;1;1.0
w.183;m.641;1;1.0
w.183;m.517;1;1.0
w.184;m.428;1;1.0
w.184;m.537;1;1.0
w.185;m.1011;1;1.0
w.185;m.644;1;1.0
w.185;m.1025;1;1.0
w.185;m.1032;1;1.0
w.185;m.438;1;1.0
w.185;m.830;1;1.0
w.185;m.380;1;1.0
w.185;m.527;1;1.0
w.186;m.800;1;1.0
w.186;m.353;1;1.0
w.186;m.853;1;1.0
w.186;m.801;1;1.0
w.186;m.891;1;1.0
w.186;m.764;1;1.0
w.186;m.479;1;1.0
w.186;m.666;1;1.0
w.186;m.765;1;1.0
w.186;m.956;1;1.0
w.186;m.363;1;1.0
w.186;m.375;1;1.0
w.186;m.428;1;1.0
w.186;m.840;1;1.0
w.186;m.361;1;1.0
w.186;m.641;1;1.0
w.186;m.517;1;1.0
w.187;m.800;1;1.0
w.187;m.900;1;1.0
w.187;m.353;1;1.0
w.187;m.853;1;1.0
w.187;m.801;1;1.0
w.187;m.764;1;1.0
w.187;m.479;1;1.0
w.187;m.666;1;1.0
w.187;m.765;1;1.0
w.187;m.363;1;1.0
w.187;m.375;1;1.0
w.187;m.428;1;1.0
w.187;m.840;1;1.0
w.187;m.361;1;1.0
w.187;m.641;1;1.0
w.187;m.517;1;1.0
w.188;m.800;1;1.0
w.188;m.900;1;1.0
w.188;m.353;1;1.0
w.188;m.853;1;1.0
w.188;m.801;1;1.0
w.188;m.764;1;1.0
w.188;m.479;1;1.0
w.188;m.666;1;1.0
w.188;m.765;1;1.0
w.188;m.363;1;1.0
w.188;m.375;1;1.0
w.188;m.428;1;1.0
w.188;m.840;1;1.0
w.188;m.361;1;1.0
w.188;m.641;1;1.0
w.188;m.517;1;1.0
w.189;m.736;1;1.0
w.189;m.806;1;1.0
w.189;m.364;1;1.0
w.189;m.490;1;1.0
w.189;m.414;1;1.0
w.189;m.960;1;1.0
w.189;m.480;1;1.0
w.189;m.554;1;1.0
w.189;m.373;1;1.0
w.189;m.518;1;1.0
w.190;m.735;1;1.0
w.190;m.967;1;1.0
w.190;m.364;1;1.0
w.190;m.490;1;1.0
w.190;m.480;1;1.0
w.190;m.554;1;1.0
w.190;m.373;1;1.0
w.190;m.518;1;1.0
w.190;m.860;1;1.0
w.190;m.862;1;1.0
w.194;m.811;1;1.0
w.194;m.1039;1;1.0
w.194;m.629;1;1.0
w.194;m.471;1;1.0
w.194;m.846;1;1.0
w.194;m.375;1;1.0
w.194;m.777;1;1.0
w.194;m.1033;1;1.0
w.195;m.430;1;1.0
w.195;m.799;1;1.0
w.195;m.857;1;1.0
w.195;m.739;1;1.0
w.195;m.811;1;1.0
w.195;m.1011;1;1.0
w.195;m.1039;1;1.0
w.195;m.848;1;1.0
w.196;m.1011;1;1.0
w.196;m.848;1;1.0
w.196;m.810;1;1.0
w.196;m.1025;1;1.0
w.196;m.1032;1;1.0
w.197;m.810;1;1.0
w.197;m.1011;1;1.0
w.197;m.1025;1;1.0
w.197;m.687;1;1.0
w.197;m.392;1;1.0
w.198;m.902;1;1.0
w.198;m.386;1;1.0
w.198;m.527;1;1.0
w.198;m.392;1;1.0
w.199;m.869;1;1.0
w.199;m.1009;1;1.0
w.199;m.1032;1;1.0
w.199;m.641;1;1.0
w.200;m.907;1;1.0
w.200;m.544;1;1.0
w.200;m.386;1;1.0
w.200;m.1032;1;1.0
w.200;m.641;1;1.0
w.201;m.438;1;1.0
w.201;m.390;1;1.0
w.201;m.386;1;1.0
w.201;m.392;1;1.0
w.202;m.1012;1;1.0
w.202;m.1033;1;1.0
w.202;m.1025;1;1.0
w.202;m.687;1;1.0
w.203;m.460;1;1.0
w.203;m.459;1;1.0
w.203;m.699;1;1.0
w.203;m.367;1;1.0
w.203;m.682;1;1.0
w.204;m.440;1;1.0
w.204;m.386;1;1.0
w.204;m.392;1;1.0
w.205;m.1036;1;1.0
w.205;m.1033;1;1.0
w.205;m.1025;1;1.0
w.205;m.687;1;1.0
w.206;m.700;1;1.0
w.206;m.461;1;1.0
w.206;m.368;1;1.0
w.206;m.682;1;1.0
w.207;m.438;1;1.0
w.207;m.687;1;1.0
w.208;m.390;1;1.0
w.208;m.656;1;1.0
w.208;m.686;1;1.0
w.208;m.385;1;1.0
w.208;m.832;1;1.0
w.208;m.380;1;1.0
w.209;m.756;1;1.0
w.209;m.656;1;1.0
w.209;m.686;1;1.0
w.209;m.386;1;1.0
w.209;m.832;1;1.0
w.209;m.382;1;1.0
w.210;m.438;1;1.0
w.210;m.386;1;1.0
w.210;m.392;1;1.0
w.210;m.1012;1;1.0
w.210;m.1033;1;1.0
w.210;m.1025;1;1.0
w.210;m.687;1;1.0
w.210;m.699;1;1.0
w.210;m.367;1;1.0
w.210;m.682;1;1.0
w.211;m.390;1;1.0
w.211;m.656;1;1.0
w.211;m.686;1;1.0
w.211;m.386;1;1.0
w.211;m.832;1;1.0
w.211;m.382;1;1.0
w.212;m.756;1;1.0
w.212;m.641;1;1.0
w.213;m.544;1;1.0
w.213;m.386;1;1.0
w.213;m.641;1;1.0
w.214;m.544;1;1.0
w.214;m.386;1;1.0
w.214;m.641;1;1.0
w.215;m.544;1;1.0
w.215;m.386;1;1.0
w.215;m.641;1;1.0
w.216;m.756;1;1.0
w.216;m.656;1;1.0
w.216;m.686;1;1.0
w.216;m.385;1;1.0
w.216;m.832;1;1.0
w.216;m.380;1;1.0
w.216;m.390;1;1.0
w.216;m.392;1;1.0
w.225;m.548;1;1.0
w.225;m.552;1;1.0
w.225;m.458;1;1.0
w.226;m.700;1;1.0
w.226;m.368;1;1.0
w.226;m.1025;1;1.0
w.226;m.440;1;1.0
w.226;m.756;1;1.0
w.226;m.656;1;1.0
w.226;m.392;1;1.0
w.226;m.1036;1;1.0
w.226;m.1011;1;1.0
w.227;m.538;1;1.0
w.227;m.630;1;1.0
w.227;m.875;1;1.0
w.227;m.876;1;1.0
w.227;m.1021;1;1.0
w.227;m.1025;1;1.0
w.228;m.538;1;1.0
w.228;m.630;1;1.0
w.228;m.875;1;1.0
w.228;m.876;1;1.0
w.228;m.1021;1;1.0
w.228;m.1025;1;1.0
w.229;m.538;1;1.0
w.229;m.630;1;1.0
w.229;m.875;1;1.0
w.229;m.876;1;1.0
w.229;m.1021;1;1.0
w.229;m.1025;1;1.0
w.230;m.538;1;1.0
w.230;m.630;1;1.0
w.230;m.875;1;1.0
w.230;m.876;1;1.0
w.230;m.1021;1;1.0
w.230;m.1025;1;1.0
w.231;m.538;1;1.0
w.231;m.630;1;1.0
w.231;m.875;1;1.0
w.231;m.876;1;1.0
w.231;m.1021;1;1.0
w.231;m.1025;1;1.0
w.232;m.538;1;1.0
w.232;m.630;1;1.0
w.232;m.875;1;1.0
w.232;m.876;1;1.0
w.232;m.1021;1;1.0
w.232;m.1025;1;1.0
w.233;m.538;1;1.0
w.233;m.630;1;1.0
w.233;m.875;1;1.0
w.233;m.876;1;1.0
w.233;m.1021;1;1.0
w.233;m.1025;1;1.0
w.234;m.551;1;1.0
w.234;m.1018;1;1.0
w.234;m.395;1;1.0
w.235;m.538;1;1.0
w.235;m.630;1;1.0
w.235;m.875;1;1.0
w.235;m.876;1;1.0
w.235;m.1021;1;1.0
w.235;m.1025;1;1.0
w.236;m.538;1;1.0
w.236;m.630;1;1.0
w.236;m.875;1;1.0
w.236;m.876;1;1.0
w.236;m.1021;1;1.0
w.236;m.1025;1;1.0
w.237;m.538;1;1.0
w.237;m.630;1;1.0
w.237;m.875;1;1.0
w.237;m.876;1;1.0
w.237;m.1021;1;1.0
w.237;m.1025;1;1.0
w.238;m.538;1;1.0
w.238;m.630;1;1.0
w.238;m.875;1;1.0
w.238;m.876;1;1.0
w.238;m.1021;1;1.0
w.238;m.1025;1;1.0
w.239;m.538;1;1.0
w.239;m.630;1;1.0
w.239;m.875;1;1.0
w.239;m.876;1;1.0
w.239;m.1021;1;1.0
w.239;m.1025;1;1.0
w.240;m.543;1;1.0
w.240;m.873;1;1.0
w.240;m.1021;1;1.0
w.240;m.1025;1;1.0
w.240;m.984;1;1.0
w.240;m.395;1;1.0
w.241;m.1015;1;1.0
w.241;m.1013;1;1.0
w.242;m.925;1;1.0
w.242;m.444;1;1.0
w.243;m.492;1;1.0
w.243;m.1015;1;1.0
w.243;m.1013;1;1.0
w.244;m.633;1;1.0
w.244;m.917;1;1.0
w.244;m.456;1;1.0
w.245;m.633;1;1.0
w.245;m.917;1;1.0
w.245;m.456;1;1.0
w.246;m.633;1;1.0
w.246;m.917;1;1.0
w.246;m.456;1;1.0
w.247;m.607;1;1.0
w.247;m.605;1;1.0
w.247;m.606;1;1.0
w.247;m.603;1;1.0
w.247;m.604;1;1.0
w.249;m.633;1;1.0
w.249;m.917;1;1.0
w.249;m.456;1;1.0
w.251;m.438;1;1.0
w.251;m.436;1;1.0
w.251;m.386;1;1.0
w.251;m.527;1;1.0
w.251;m.392;1;1.0
w.252;m.440;1;1.0
w.252;m.386;1;1.0
w.253;m.422;1;1.0
w.253;m.744;1;1.0
w.253;m.525;1;1.0
w.254;m.870;1;1.0
w.254;m.1002;1;1.0
w.254;m.471;1;1.0
w.254;m.855;1;1.0
w.255;m.746;1;1.0
w.255;m.795;1;1.0
w.255;m.983;1;1.0
w.255;m.648;1;1.0
w.255;m.629;1;1.0
w.255;m.471;1;1.0
w.255;m.847;1;1.0
w.255;m.375;1;1.0
w.256;m.746;1;1.0
w.256;m.795;1;1.0
w.256;m.983;1;1.0
w.256;m.648;1;1.0
w.256;m.629;1;1.0
w.256;m.471;1;1.0
w.256;m.847;1;1.0
w.256;m.375;1;1.0
w.257;m.521;1;1.0
w.257;m.746;1;1.0
w.258;m.521;1;1.0
w.258;m.746;1;1.0
w.258;m.795;1;1.0
w.258;m.983;1;1.0
w.258;m.648;1;1.0
w.258;m.629;1;1.0
w.258;m.471;1;1.0
w.258;m.847;1;1.0
w.258;m.375;1;1.0
w.259;m.823;1;1.0
w.259;m.593;1;1.0
w.259;m.688;1;1.0
w.260;m.648;1;1.0
w.260;m.650;1;1.0
w.261;m.868;1;1.0
w.261;m.746;1;1.0
w.261;m.795;1;1.0
w.261;m.983;1;1.0
w.261;m.629;1;1.0
w.261;m.471;1;1.0
w.261;m.847;1;1.0
w.261;m.375;1;1.0
w.261;m.424;1;1.0
w.261;m.1025;1;1.0
w.261;m.647;1;1.0
w.262;m.423;1;1.0
w.262;m.744;1;1.0
w.262;m.527;1;1.0
w.262;m.669;1;1.0
w.262;m.386;1;1.0
w.263;m.1025;1;1.0
w.263;m.647;1;1.0
w.264;m.923;1;1.0
w.264;m.980;1;1.0
w.264;m.681;1;1.0
w.264;m.469;1;1.0
w.264;m.1059;1;1.0
w.264;m.740;1;1.0
w.264;m.641;1;1.0
w.265;m.1046;1;1.0
w.265;m.641;1;1.0
w.266;m.734;1;1.0
w.266;m.418;1;1.0
w.266;m.649;1;1.0
w.266;m.652;1;1.0
w.266;m.377;1;1.0
w.275;m.386;1;1.0
w.275;m.692;1;1.0
w.278;m.386;1;1.0
w.278;m.692;1;1.0
w.278;m.1014;1;1.0
w.296;m.538;1;1.0
w.296;m.630;1;1.0
w.296;m.875;1;1.0
w.296;m.876;1;1.0
w.296;m.1021;1;1.0
w.296;m.1025;1;1.0
w.297;m.538;1;1.0
w.297;m.630;1;1.0
w.297;m.875;1;1.0
w.297;m.876;1;1.0
w.297;m.1021;1;1.0
w.297;m.1025;1;1.0
w.298;m.538;1;1.0
w.298;m.630;1;1.0
w.298;m.875;1;1.0
w.298;m.876;1;1.0
w.298;m.1021;1;1.0
w.298;m.1025;1;1.0
w.299;m.538;1;1.0
w.299;m.630;1;1.0
w.299;m.875;1;1.0
w.299;m.876;1;1.0
w.299;m.1021;1;1.0
w.299;m.1025;1;1.0
w.300;m.538;1;1.0
w.300;m.630;1;1.0
w.300;m.875;1;1.0
w.300;m.876;1;1.0
w.300;m.1021;1;1.0
w.300;m.1025;1;1.0
w.301;m.538;1;1.0
w.301;m.630;1;1.0
w.301;m.875;1;1.0
w.301;m.876;1;1.0
w.301;m.1021;1;1.0
w.301;m.1025;1;1.0
w.302;m.538;1;1.0
w.302;m.630;1;1.0
w.302;m.875;1;1.0
w.302;m.876;1;1.0
w.302;m.1021;1;1.0
w.302;m.1025;1;1.0
w.303;m.538;1;1.0
w.303;m.630;1;1.0
w.303;m.875;1;1.0
w.303;m.876;1;1.0
w.303;m.1021;1;1.0
w.303;m.1025;1;1.0
w.304;m.538;1;1.0
w.304;m.630;1;1.0
w.304;m.875;1;1.0
w.304;m.876;1;1.0
w.304;m.1021;1;1.0
w.304;m.1025;1;1.0
w.306;m.538;1;1.0
w.306;m.630;1;1.0
w.306;m.875;1;1.0
w.306;m.876;1;1.0
w.306;m.1021;1;1.0
w.306;m.1025;1;1.0
w.311;m.1015;1;1.0
w.311;m.1013;1;1.0
w.312;m.925;1;1.0
w.312;m.444;1;1.0
w.313;m.456;1;1.0
w.314;m.456;1;1.0
w.336;m.421;1;1.0
w.341;m.412;1;1.0
w.341;m.534;1;1.0
w.341;m.536;1;1.0
w.341;m.468;1;1.0
w.343;m.421;1;1.0
w.345;m.374;1;1.0
w.347;m.426;1;1.0
w.347;m.951;1;1.0
w.347;m.401;1;1.0
w.347;m.896;1;1.0
w.347;m.752;1;1.0
w.347;m.918;1;1.0
w.347;m.919;1;1.0
w.349;m.946;1;1.0
w.349;m.999;1;1.0
w.349;m.948;1;1.0
w.349;m.724;1;1.0
w.349;m.487;1;1.0
w.349;m.945;1;1.0
w.349;m.723;1;1.0
w.349;m.722;1;1.0
w.349;m.721;1;1.0
w.349;m.933;1;1.0
w.349;m.934;1;1.0
w.349;m.583;1;1.0
w.349;m.742;1;1.0
w.349;m.719;1;1.0
w.349;m.718;1;1.0
w.349;m.942;1;1.0
w.349;m.931;1;1.0
w.349;m.947;1;1.0
w.349;m.631;1;1.0
w.349;m.488;1;1.0
w.349;m.998;1;1.0
w.350;m.586;1;1.0
w.350;m.643;1;1.0
w.350;m.641;1;1.0
w.351;m.725;1;1.0
w.351;m.489;1;1.0
w.351;m.949;1;1.0
w.351;m.950;1;1.0
w.351;m.999;1;1.0
w.355;m.578;1;1.0
w.355;m.705;1;1.0
w.355;m.985;1;1.0
w.355;m.620;1;1.0
w.355;m.533;1;1.0
w.355;m.817;1;1.0
w.355;m.675;1;1.0
w.355;m.973;1;1.0
w.355;m.690;1;1.0
w.355;m.992;1;1.0
w.355;m.961;1;1.0
w.355;m.962;1;1.0
w.355;m.916;1;1.0
w.355;m.706;1;1.0
w.355;m.790;1;1.0
w.355;m.592;1;1.0
w.356;m.578;1;1.0
w.356;m.585;1;1.0
w.356;m.705;1;1.0
w.356;m.985;1;1.0
w.356;m.620;1;1.0
w.356;m.533;1;1.0
w.356;m.987;1;1.0
w.356;m.988;1;1.0
w.356;m.973;1;1.0
w.356;m.690;1;1.0
w.356;m.992;1;1.0
w.356;m.961;1;1.0
w.356;m.962;1;1.0
w.356;m.916;1;1.0
w.356;m.877;1;1.0
w.356;m.706;1;1.0
w.356;m.790;1;1.0
w.356;m.592;1;1.0
w.356;m.632;1;1.0
w.356;m.485;1;1.0
w.356;m.484;1;1.0
w.357;m.671;1;1.0
w.357;m.643;1;1.0
w.357;m.674;1;1.0
w.357;m.635;1;1.0
w.357;m.617;1;1.0
w.367;m.578;1;1.0
w.367;m.620;1;1.0
w.367;m.973;1;1.0
w.367;m.690;1;1.0
w.367;m.992;1;1.0
w.367;m.961;1;1.0
w.367;m.962;1;1.0
w.367;m.706;1;1.0
w.367;m.592;1;1.0
w.367;m.632;1;1.0
w.368;m.985;1;1.0
w.368;m.706;1;1.0
w.369;m.706;1;1.0
w.369;m.690;1;1.0
w.369;m.961;1;1.0
w.369;m.962;1;1.0
w.370;m.817;1;1.0
w.370;m.675;1;1.0
w.370;m.973;1;1.0
w.370;m.690;1;1.0
w.370;m.992;1;1.0
w.370;m.706;1;1.0
w.371;m.916;1;1.0
w.371;m.706;1;1.0
w.383;m.867;1;1.0
w.389;m.421;1;1.0
w.390;m.866;1;1.0
w.391;m.866;1;1.0
w.395;m.374;1;1.0
w.395;m.952;1;1.0
w.395;m.483;1;1.0
w.395;m.426;1;1.0
w.395;m.974;1;1.0
w.397;m.582;1;1.0
w.397;m.581;1;1.0
w.397;m.621;1;1.0
w.397;m.957;1;1.0
w.397;m.993;1;1.0
w.397;m.897;1;1.0
w.398;m.951;1;1.0
w.398;m.921;1;1.0
w.398;m.654;1;1.0
w.398;m.475;1;1.0
w.403;m.449;1;1.0
w.404;m.449;1;1.0
w.405;m.1039;1;1.0
w.412;m.615;1;1.0
w.418;m.453;1;1.0
w.424;m.503;1;1.0
w.424;m.502;1;1.0
w.424;m.939;1;1.0
w.424;m.627;1;1.0
w.424;m.477;1;1.0
w.424;m.375;1;1.0
w.424;m.641;1;1.0
w.425;m.503;1;1.0
w.425;m.502;1;1.0
w.425;m.477;1;1.0
w.425;m.375;1;1.0
w.425;m.641;1;1.0
w.425;m.482;1;1.0
w.425;m.914;1;1.0
w.426;m.788;1;1.0
w.426;m.787;1;1.0
w.426;m.497;1;1.0
w.426;m.599;1;1.0
w.426;m.825;1;1.0
w.426;m.814;1;1.0
w.426;m.813;1;1.0
w.426;m.408;1;1.0
w.427;m.503;1;1.0
w.427;m.502;1;1.0
w.427;m.939;1;1.0
w.427;m.654;1;1.0
w.427;m.477;1;1.0
w.427;m.375;1;1.0
w.427;m.641;1;1.0
w.428;m.503;1;1.0
w.428;m.502;1;1.0
w.428;m.939;1;1.0
w.428;m.627;1;1.0
w.428;m.477;1;1.0
w.428;m.375;1;1.0
w.428;m.641;1;1.0
w.429;m.503;1;1.0
w.429;m.502;1;1.0
w.429;m.505;1;1.0
w.429;m.508;1;1.0
w.429;m.499;1;1.0
w.429;m.939;1;1.0
w.429;m.627;1;1.0
w.429;m.477;1;1.0
w.429;m.375;1;1.0
w.429;m.641;1;1.0
w.430;m.503;1;1.0
w.430;m.502;1;1.0
w.430;m.939;1;1.0
w.430;m.627;1;1.0
w.430;m.477;1;1.0
w.430;m.375;1;1.0
w.430;m.641;1;1.0
w.431;m.503;1;1.0
w.431;m.502;1;1.0
w.431;m.939;1;1.0
w.431;m.627;1;1.0
w.431;m.477;1;1.0
w.431;m.375;1;1.0
w.431;m.641;1;1.0
w.432;m.786;1;1.0
w.432;m.650;1;1.0
w.432;m.641;1;1.0
w.433;m.474;1;1.0
w.433;m.854;1;1.0
w.433;m.513;1;1.0
w.433;m.958;1;1.0
w.433;m.959;1;1.0
w.433;m.375;1;1.0
w.433;m.641;1;1.0
w.434;m.474;1;1.0
w.434;m.854;1;1.0
w.434;m.513;1;1.0
w.434;m.958;1;1.0
w.434;m.959;1;1.0
w.434;m.375;1;1.0
w.434;m.641;1;1.0
w.435;m.854;1;1.0
w.435;m.513;1;1.0
w.435;m.958;1;1.0
w.435;m.959;1;1.0
w.435;m.375;1;1.0
w.435;m.641;1;1.0
w.436;m.375;1;1.0
w.436;m.855;1;1.0
w.436;m.474;1;1.0
w.437;m.594;1;1.0
w.437;m.449;1;1.0
w.438;m.449;1;1.0
w.438;m.598;1;1.0
w.439;m.449;1;1.0
w.439;m.598;1;1.0
w.440;m.449;1;1.0
w.440;m.598;1;1.0
w.441;m.596;1;1.0
w.441;m.477;1;1.0
w.441;m.375;1;1.0
w.447;m.600;1;1.0
w.447;m.601;1;1.0
w.447;m.570;1;1.0
w.447;m.562;1;1.0
w.457;m.1053;1;1.0
w.457;m.780;1;1.0
w.457;m.779;1;1.0
w.457;m.782;1;1.0
w.457;m.704;1;1.0
w.457;m.1006;1;1.0
w.458;m.1052;1;1.0
w.458;m.780;1;1.0
w.458;m.779;1;1.0
w.458;m.782;1;1.0
w.458;m.704;1;1.0
w.458;m.1006;1;1.0
w.458;m.1004;1;1.0
w.459;m.954;1;1.0
w.459;m.780;1;1.0
w.459;m.779;1;1.0
w.459;m.782;1;1.0
w.459;m.704;1;1.0
w.459;m.1054;1;1.0
w.459;m.1006;1;1.0
w.459;m.1004;1;1.0
w.460;m.975;1;1.0
w.460;m.1003;1;1.0
w.460;m.954;1;1.0
w.460;m.780;1;1.0
w.460;m.779;1;1.0
w.460;m.782;1;1.0
w.460;m.704;1;1.0
w.460;m.1006;1;1.0
w.460;m.1055;1;1.0
w.461;m.1003;1;1.0
w.461;m.954;1;1.0
w.461;m.780;1;1.0
w.461;m.779;1;1.0
w.461;m.782;1;1.0
w.461;m.704;1;1.0
w.461;m.1006;1;1.0
w.462;m.1051;1;1.0
w.462;m.780;1;1.0
w.462;m.779;1;1.0
w.462;m.782;1;1.0
w.462;m.704;1;1.0
w.462;m.1006;1;1.0
w.463;m.1047;1;1.0
w.463;m.780;1;1.0
w.463;m.779;1;1.0
w.463;m.782;1;1.0
w.463;m.704;1;1.0
w.463;m.1006;1;1.0
w.464;m.1052;1;1.0
w.464;m.780;1;1.0
w.464;m.779;1;1.0
w.464;m.782;1;1.0
w.464;m.704;1;1.0
w.464;m.1006;1;1.0
w.464;m.1004;1;1.0
w.465;m.954;1;1.0
w.465;m.780;1;1.0
w.465;m.779;1;1.0
w.465;m.782;1;1.0
w.465;m.704;1;1.0
w.465;m.1048;1;1.0
w.465;m.1006;1;1.0
w.465;m.1004;1;1.0
w.466;m.1003;1;1.0
w.466;m.954;1;1.0
w.466;m.780;1;1.0
w.466;m.779;1;1.0
w.466;m.782;1;1.0
w.466;m.704;1;1.0
w.466;m.1006;1;1.0
w.466;m.1050;1;1.0
w.467;m.1003;1;1.0
w.467;m.954;1;1.0
w.467;m.780;1;1.0
w.467;m.779;1;1.0
w.467;m.782;1;1.0
w.467;m.704;1;1.0
w.467;m.1006;1;1.0
w.471;m.503;1;1.0
w.471;m.502;1;1.0
w.471;m.939;1;1.0
w.471;m.627;1;1.0
w.471;m.477;1;1.0
w.471;m.375;1;1.0
w.471;m.641;1;1.0
w.471;m.597;1;1.0
w.471;m.601;1;1.0
w.471;m.615;1;1.0
w.471;m.693;1;1.0
w.471;m.481;1;1.0
w.472;m.503;1;1.0
w.472;m.502;1;1.0
w.472;m.505;1;1.0
w.472;m.499;1;1.0
w.472;m.508;1;1.0
w.472;m.939;1;1.0
w.472;m.627;1;1.0
w.472;m.477;1;1.0
w.472;m.375;1;1.0
w.472;m.641;1;1.0
w.472;m.597;1;1.0
w.472;m.601;1;1.0
w.472;m.615;1;1.0
w.472;m.693;1;1.0
w.472;m.481;1;1.0
w.473;m.502;1;1.0
w.473;m.939;1;1.0
w.473;m.627;1;1.0
w.473;m.477;1;1.0
w.473;m.375;1;1.0
w.473;m.641;1;1.0
w.473;m.597;1;1.0
w.473;m.601;1;1.0
w.473;m.615;1;1.0
w.473;m.693;1;1.0
w.473;m.481;1;1.0
w.518;m.783;1;1.0
w.518;m.738;1;1.0
w.518;m.639;1;1.0
w.518;m.366;1;1.0
w.518;m.365;1;1.0
w.518;m.447;1;1.0
w.518;m.845;1;1.0
w.518;m.757;1;1.0
w.518;m.660;1;1.0
w.518;m.657;1;1.0
w.518;m.1057;1;1.0
w.518;m.978;1;1.0
w.518;m.766;1;1.0
w.518;m.661;1;1.0
w.518;m.824;1;1.0
